Model,Mean,Std
KNR,0.7154487018971996,0.02437564876868134
SVR,0.6543500903456574,0.018836172288890396
MLP,0.64973578130242,0.01590345213038631
RF,0.6056536180985621,0.019857559747902313
GB,0.6179343352273042,0.020005171302177018
MLR,0.6548626789138714,0.026542172847052046
